wacc,terminal_growth,implied_price
0.07723500000000001,0.015,20.02552008897563
0.07723500000000001,0.02,21.477816996786906
0.07723500000000001,0.025,23.20814528352252
0.07723500000000001,0.03,25.304796908193055
0.07723500000000001,0.035,27.89787368372675
0.084735,0.015,17.764944998053032
0.084735,0.02,18.879519349153423
0.084735,0.025,20.180680182400025
0.084735,0.03,21.71956109114614
0.084735,0.035,23.567858086902632
0.09223500000000001,0.015,15.944752841650196
0.09223500000000001,0.02,16.82209183300502
0.09223500000000001,0.025,17.829919259156423
0.09223500000000001,0.03,18.999685694892694
0.09223500000000001,0.035,20.373831694835523
0.09973500000000002,0.015,14.44796400153524
0.09973500000000002,0.02,15.152867384620942
0.09973500000000002,0.025,15.952091150805012
0.09973500000000002,0.03,16.865923616520757
0.09973500000000002,0.035,17.920921211720657
0.10723500000000001,0.015,13.19564887560963
0.10723500000000001,0.02,13.771682554532877
0.10723500000000001,0.025,14.417763497871912
0.10723500000000001,0.03,15.147495757756428
0.10723500000000001,0.035,15.978249995890343
